Country Name,Country Code,Year,learning_poverty,pupil_teacher_ratio,trained_teachers,gov_expenditure,children_out_of_school,pupils_below_min_proficiency,u5_mortality
Albania,ALB,2019,10.2368154525756,17.57287,61.7683302526186,29.35768875,2.1948544292611,7.8805923461914,9.4
Albania,ALB,2022,10.2368154525756,28.3962,61.7683302526186,9.89895,8.47796728855099,7.8805923461914,9.4
Albania,ALB,2023,10.2368154525756,28.3962,61.7683302526186,9.89895,10.8653233005994,7.8805923461914,9.4
Algeria,DZA,2005,67.9034805297851,25.43721,98.5262832641602,11.47531,0.515110015869141,66.5280303955078,33.9
Armenia,ARM,2017,36.4060173034668,15.41859,73.6243936243936,10.15365,7.14211405596931,29.9957275390625,13.3
Armenia,ARM,2018,27.2411460876464,15.41859,73.6243936243936,10.15365,7.48834918804651,19.9070358276367,12.7
Armenia,ARM,2019,27.2411460876464,15.41859,73.6243936243936,10.15365,8.4054314226094,19.9070358276367,12.1
Bahrain,BHR,2014,31.9463024139404,11.66884,82.767535971223,10.32071,0.544773047381397,30.631664276123,7.8
Bahrain,BHR,2015,31.9463024139404,11.73164,82.4818310011932,11.16362,1.58912341600881,30.631664276123,7.7
Bahrain,BHR,2016,31.9463024139404,12.05837,83.6934322261636,11.16362,1.68792265332114,30.631664276123,7.6
Bahrain,BHR,2017,31.9463024139404,12.15924,83.7441063009001,11.16362,1.80671642445557,30.631664276123,7.7
Bangladesh,BGD,2022,51.2200012207031,17.56999,73.6041840704256,14.11934,7.28624245991406,50.0,30.7
Bangladesh,BGD,2023,51.2200012207031,17.56999,77.2605867681977,14.11934,6.88461537116503,50.0,30.6
Belgium,BEL,2022,8.52700424194335,23.31494,54.0864105224609,16.24497,1.224249958992,7.70885944366455,3.8
Belgium,BEL,2023,8.52700424194335,23.31494,54.0864105224609,16.24497,1.65828001499176,7.70885944366455,3.7
Belize,BLZ,2000,76.4140396118164,23.31494,54.0864105224609,16.24497,2.46674990653992,74.7820434570312,24.5
Belize,BLZ,2001,76.4140396118164,22.81694,53.710982906785816,16.24497,2.4143500328064,74.7820434570312,23.6
Belize,BLZ,2002,76.4140396118164,22.81694,53.710982906785816,16.24497,2.4143500328064,74.7820434570312,22.8
Belize,BLZ,2003,76.4140396118164,20.75066,53.710982906785816,12.42717,1.47666001319885,74.7820434570312,22.1
Benin,BEN,2012,77.9736862182617,44.14979,53.710982906785816,12.18628,4.1090202331543,77.3417510986328,74.775
Benin,BEN,2013,77.9736862182617,43.72854,53.710982906785816,11.04903,3.84315991401672,77.3417510986328,74.775
Benin,BEN,2014,77.9736862182617,45.92349,67.59375,10.19757,3.48218011856079,77.3417510986328,74.775
Benin,BEN,2015,77.9736862182617,45.04478,69.09716796875,10.25321,3.48218011856079,77.3417510986328,74.775
Benin,BEN,2016,77.9736862182617,41.63992,70.4166107177734,10.25321,3.03196001052856,77.3417510986328,74.775
Benin,BEN,2017,55.7761039733886,43.56977,68.2663497924805,10.25321,7.11569023132324,54.5073280334472,74.775
Botswana,BWA,2009,50.8376502990722,25.51489,100.0,10.0503,11.0650501251221,44.2980880737304,60.6
Botswana,BWA,2010,50.8376502990722,25.51489,100.0,10.0503,11.0650501251221,44.2980880737304,58.4
Botswana,BWA,2011,50.8376502990722,25.51489,100.0,10.0503,11.0650501251221,44.2980880737304,58.8
Brazil,BRA,2017,46.8978614807128,20.22308,91.1676483154297,20.05496,4.24059009552002,45.5648384094238,15.4
Brunei Darussalam,BRN,2023,16.2747325897216,16.82985,85.2689010132502,15.16592,0.584768139620034,4.95070314407348,10.1
Burkina Faso,BFA,2012,83.0024490356445,48.23903,94.8324827132038,17.37351,21.89048156229547,78.5767745971679,74.775
Burkina Faso,BFA,2013,83.0024490356445,46.09623,85.5863937949724,19.01221,21.89048156229547,78.5767745971679,74.775
Burkina Faso,BFA,2014,83.0024490356445,44.49899,84.3585960819295,20.22056,21.89048156229547,78.5767745971679,74.775
Burkina Faso,BFA,2015,83.0024490356445,42.17715,85.4200102840582,16.13029,21.89048156229547,78.5767745971679,74.775
Burkina Faso,BFA,2016,83.0024490356445,41.54927,73.1937293920287,16.13029,21.89048156229547,78.5767745971679,74.775
Burkina Faso,BFA,2017,73.8611907958984,40.68126,85.8375586980079,16.13029,21.89048156229547,67.0553894042968,74.775
Burundi,BDI,2012,93.1557540893554,47.10468,94.9871587558261,12.6662,6.45815446247371,92.6734161376953,74.775
Burundi,BDI,2013,93.1557540893554,45.00022,94.9871587558261,12.92904,11.9428877906623,92.6734161376953,74.775
Burundi,BDI,2014,93.1557540893554,43.65376,92.1513425896304,12.92904,8.92743884952403,92.6734161376953,70.6
Burundi,BDI,2015,93.1557540893554,43.22109,100.0,12.92904,11.0972663089659,92.6734161376953,66.9
Cameroon,CMR,2012,77.6277542114257,45.56349,78.7775107438408,5.44964,5.80923986434937,75.9111709594726,74.775
Cameroon,CMR,2013,77.6277542114257,45.56349,78.7775107438408,5.44964,5.80923986434937,75.9111709594726,74.775
Cameroon,CMR,2014,77.6277542114257,44.19526,78.7775107438408,5.44964,5.16913698875997,75.9111709594726,74.775
Chad,TCD,2012,97.8130798339843,54.8310575,65.9663003663004,6.30003,21.89048156229547,97.0232391357421,74.775
Chad,TCD,2013,97.8130798339843,54.8310575,64.9801799871438,6.30003,21.89048156229547,97.0232391357421,74.775
Chad,TCD,2014,97.8130798339843,54.8310575,64.9801799871438,6.30003,21.89048156229547,97.0232391357421,74.775
Colombia,COL,2005,52.8892440795898,28.34839,100.0,15.40003,0.326380014419556,51.8088340759277,21.4
Colombia,COL,2006,52.8892440795898,28.18322,100.0,15.40003,0.172969996929169,51.8088340759277,20.7
Colombia,COL,2007,52.8892440795898,29.51974,100.0,12.38764,0.0850500017404556,51.8088340759277,20.1
Colombia,COL,2008,52.8892440795898,29.3957,100.0,12.3262,0.200949996709824,51.8088340759277,19.5
Colombia,COL,2011,45.965404510498,27.57965,100.0,14.75523,0.107179999351502,44.7262077331543,17.6
Colombia,COL,2012,45.965404510498,25.04796,100.0,14.86019,1.70736002922058,44.7262077331543,17.1
Colombia,COL,2013,45.965404510498,24.98364,97.2832717895508,16.59328,1.70736002922058,44.7262077331543,16.5
Colombia,COL,2014,45.965404510498,24.28676,98.2308807373047,17.04063,1.70736002922058,44.7262077331543,16.0
Colombia,COL,2015,45.965404510498,24.23937,94.0251388549805,17.41694,3.39695000648498,44.7262077331543,15.5
Colombia,COL,2017,51.3569412231445,23.60132,94.7218780517578,17.84725,4.07456016540527,50.2413902282714,14.5
Colombia,COL,2018,51.3569412231445,23.3015,94.7218780517578,16.98989,4.69546985626221,50.2413902282714,14.0
Colombia,COL,2019,51.3569412231445,23.3015,97.4947891235352,16.98989,5.02229022979736,50.2413902282714,13.5
Colombia,COL,2020,51.3569412231445,23.3015,98.6505508422852,16.98989,6.11108016967773,50.2413902282714,13.1
Comoros,COM,2006,86.0233459472656,34.98787,57.4219818115234,16.14708,21.89048156229547,82.3469467163085,63.4
Comoros,COM,2007,86.0233459472656,30.15332,57.4219818115234,16.14708,21.89048156229547,82.3469467163085,61.2
Comoros,COM,2008,86.0233459472656,30.15332,57.4219818115234,16.14708,21.89048156229547,82.3469467163085,59.2
Comoros,COM,2009,86.0233459472656,30.15332,57.4219818115234,16.14708,21.89048156229547,82.3469467163085,57.3
"Congo, Rep.",COG,2012,84.695327758789,44.442,80.3170623779297,11.68812,11.6484804153442,82.8603973388671,57.9
Costa Rica,CRI,2011,32.4555358886718,17.34208,91.4480209350586,23.20475,3.03267002105713,31.7042827606201,10.2
Costa Rica,CRI,2012,32.4555358886718,17.34208,91.4480209350586,24.78822,4.69504976272583,31.7042827606201,9.8
Costa Rica,CRI,2013,32.4555358886718,13.34199,93.9754333496094,24.75781,6.59241008758545,31.7042827606201,9.5
Costa Rica,CRI,2014,32.4555358886718,13.22687,93.9805908203125,25.14192,9.12769985198975,31.7042827606201,9.2
Costa Rica,CRI,2015,32.4555358886718,12.6763,93.9088134765625,26.71543,8.53184032440186,31.7042827606201,9.0
Costa Rica,CRI,2017,34.0240669250488,11.62825,93.5264663696289,22.2852,9.89873027801514,33.2902603149414,8.9
Costa Rica,CRI,2018,34.0240669250488,12.2047,94.3639907836914,20.82721,6.54640007019043,33.2902603149414,9.0
Costa Rica,CRI,2019,34.0240669250488,12.2047,94.5271530151367,20.82721,4.71710014343262,33.2902603149414,9.1
Costa Rica,CRI,2020,34.0240669250488,12.2047,94.2682113647461,20.82721,5.30139017105103,33.2902603149414,9.3
Cote d'Ivoire,CIV,2012,79.573257446289,41.71605,99.384426416819,13.59607,21.89048156229547,77.6267852783203,74.775
Cote d'Ivoire,CIV,2013,79.573257446289,41.00117,82.8079412682688,13.57966,21.89048156229547,77.6267852783203,74.775
Cote d'Ivoire,CIV,2014,79.573257446289,42.52673,84.9443797437854,12.75758,21.89048156229547,77.6267852783203,74.775
Cote d'Ivoire,CIV,2015,79.573257446289,42.0505,100.0,13.78098,21.89048156229547,77.6267852783203,74.775
Cote d'Ivoire,CIV,2016,79.573257446289,42.50102,100.0,15.7917,20.1686513051337,77.6267852783203,74.775
Cote d'Ivoire,CIV,2017,79.8854217529296,42.42645,100.0,13.17057,20.4103732311075,77.9686965942382,74.775
Cote d'Ivoire,CIV,2018,79.8854217529296,41.8223,100.0,13.27872,17.0757385775597,77.9686965942382,74.775
Cote d'Ivoire,CIV,2019,79.8854217529296,41.8223,100.0,13.27872,16.2086093922531,77.9686965942382,74.775
Cote d'Ivoire,CIV,2020,79.8854217529296,41.8223,100.0,13.27872,14.9827962161399,77.9686965942382,73.0
Croatia,HRV,2022,3.89054417610168,11.49998,100.0,28.28703,1.73281002044678,1.92272067070007,4.6
Croatia,HRV,2023,3.89054417610168,11.49998,100.0,28.28703,1.81183004379273,1.92272067070007,5.1
Cyprus,CYP,2022,10.2496576309204,16.88543,100.0,10.55876,0.405939996242523,8.20828056335449,4.1
Cyprus,CYP,2023,10.2496576309204,16.88543,100.0,10.55876,0.425049990415573,8.20828056335449,4.6
Dominican Republic,DOM,2004,90.0663299560546,25.23843,79.3146820068359,4.34337,14.5052995681763,89.4173355102539,36.4
Dominican Republic,DOM,2005,90.0663299560546,24.32793,88.2693634033203,6.43366,13.2513799667358,89.4173355102539,36.0
Dominican Republic,DOM,2006,90.0663299560546,22.51085,88.3256072998047,6.43366,14.3509502410889,89.4173355102539,35.6
Dominican Republic,DOM,2007,90.0663299560546,23.88067,88.2701263427734,8.2772,8.25644016265869,89.4173355102539,35.3
Dominican Republic,DOM,2008,90.0663299560546,19.62249,89.2138366699219,6.71813,11.8727197647095,89.4173355102539,35.1
Dominican Republic,DOM,2011,80.646385192871,25.45855,84.8496036064045,6.86943,4.40542306847974,79.381965637207,34.8
Dominican Republic,DOM,2012,80.646385192871,23.6279,85.0539376311623,8.6533,5.48254417092523,79.381965637207,34.8
Dominican Republic,DOM,2013,80.646385192871,23.49304,81.2660346803981,14.41983,5.72176527274455,79.381965637207,34.8
Dominican Republic,DOM,2014,80.646385192871,20.56358,81.2663195964904,14.76884,7.45064382071886,79.381965637207,34.9
Dominican Republic,DOM,2015,80.646385192871,18.29098,87.3025201852707,14.92318,3.94356855291369,79.381965637207,34.9
Dominican Republic,DOM,2017,77.7178573608398,18.91694,94.860765225266,14.61223,4.76543424807355,76.262107849121,34.9
Dominican Republic,DOM,2018,77.7178573608398,18.92322,94.8541891683382,16.18636,5.53057204658959,76.262107849121,34.7
Dominican Republic,DOM,2019,77.7178573608398,18.92322,94.8561382129472,16.18636,3.86338993740577,76.262107849121,34.4
Dominican Republic,DOM,2020,77.7178573608398,18.92322,94.8574083155222,16.18636,3.73536975849768,76.262107849121,33.8
Ecuador,ECU,2018,65.9371261596679,24.26216,88.3905783827829,9.51098,1.49970973445513,65.0925064086914,14.1
"Egypt, Arab Rep.",EGY,2015,69.6307830810546,23.07766,74.0687847709921,9.84518,13.9865160064304,69.1551055908203,26.5
"Egypt, Arab Rep.",EGY,2016,69.6307830810546,23.07766,74.0687847709921,9.84518,11.3179491963622,69.1551055908203,26.0
"Egypt, Arab Rep.",EGY,2017,69.6307830810546,23.77693,74.0687847709921,9.84518,10.5235897011093,69.1551055908203,25.6
"Egypt, Arab Rep.",EGY,2018,69.6307830810546,23.67945,82.7154990776031,9.84518,8.10563926561859,69.1551055908203,25.2
"Egypt, Arab Rep.",EGY,2019,56.1192741394043,23.67945,84.6417520625026,9.84518,6.10135668597562,55.4319610595703,24.8
El Salvador,SLV,2004,72.6388854980468,46.16032,95.7084197998047,10.57389,5.08526992797852,66.4693603515625,25.4
El Salvador,SLV,2005,72.6388854980468,43.23934,94.87158203125,9.38201,5.08526992797852,66.4693603515625,24.0
El Salvador,SLV,2017,69.0736236572265,28.27102,95.4183516071205,16.03698,12.3320904754004,62.1001777648925,13.3
El Salvador,SLV,2018,69.0736236572265,26.89473,95.4549143738333,16.10453,11.6173517989302,62.1001777648925,12.7
El Salvador,SLV,2019,69.0736236572265,26.89473,95.4549143738333,16.10453,14.3640672908615,62.1001777648925,12.2
El Salvador,SLV,2020,69.0736236572265,26.89473,95.4549143738333,16.10453,14.7803448727515,62.1001777648925,11.7
Ethiopia,ETH,2013,90.3896408081054,54.8310575,56.8488384374981,8.44536,21.89048156229547,88.7200012207031,71.2
Georgia,GEO,2006,18.6227531433105,8.68001,94.9888534545898,12.99487,1.26955997943878,17.9778881072998,21.0
Georgia,GEO,2007,18.6227531433105,8.68001,94.9888534545898,12.99487,1.26955997943878,17.9778881072998,19.0
Georgia,GEO,2008,18.6227531433105,8.68001,94.9888534545898,12.99487,3.17211008071899,17.9778881072998,17.1
Georgia,GEO,2009,14.1944646835327,8.9205,94.58984375,12.99487,2.91560006141663,13.5145082473754,15.5
Georgia,GEO,2010,14.1944646835327,8.9205,94.58984375,12.99487,2.91560006141663,13.5145082473754,14.2
Georgia,GEO,2011,14.1944646835327,8.9205,94.58984375,11.08271,2.20960248536228,13.5145082473754,13.1
Germany,DEU,2023,15.439902305603,33.78522,69.09326171875,17.96058,0.208550006151199,6.41262531280517,3.7
Guinea,GIN,2017,82.6748275756835,47.14862,75.3609313964844,6.81269,20.5438709259033,77.8130798339843,74.775
Guinea,GIN,2018,82.6748275756835,47.14862,75.3609313964844,6.81269,20.5438709259033,77.8130798339843,74.775
Honduras,HND,2023,6.98407220840454,21.50002,87.5492324829102,12.18348,21.89048156229547,3.37581419944763,15.5
"Hong Kong SAR, China",HKG,2022,5.39016532897949,10.70924,95.6746752579086,18.89933,1.15464664912498,1.7200767993927,10.1
"Hong Kong SAR, China",HKG,2023,5.39016532897949,10.70924,94.1881533101045,18.89933,1.45951603274613,1.7200767993927,10.1
India,IND,2015,56.0705604553222,31.49146,69.8310497261066,9.79172,0.431290000677109,53.7000007629394,43.7
Indonesia,IDN,2023,43.9315376281738,26.14868,53.710982906785816,8.64769,0.727051630013087,43.8027839660644,18.4
"Iran, Islamic Rep.",IRN,2000,43.9315376281738,26.14868,98.4033279418945,8.64769,16.7202091217041,43.8027839660644,36.4
"Iran, Islamic Rep.",IRN,2001,43.9315376281738,25.32444,98.4033279418945,8.64769,16.7202091217041,43.8027839660644,34.3
"Iran, Islamic Rep.",IRN,2002,43.9315376281738,24.38459,98.4033279418945,10.29219,2.83913993835449,43.8027839660644,32.3
"Iran, Islamic Rep.",IRN,2003,43.9315376281738,23.60989,100.0,10.10739,2.3676700592041,43.8027839660644,30.3
"Iran, Islamic Rep.",IRN,2004,40.3017768859863,22.60443,100.0,10.22692,1.73846995830536,40.1646881103515,28.3
"Iran, Islamic Rep.",IRN,2005,40.3017768859863,21.74286,100.0,10.11221,0.882510006427765,40.1646881103515,26.5
"Iran, Islamic Rep.",IRN,2006,40.3017768859863,21.84821,95.8424606323242,14.14696,1.12647998332977,40.1646881103515,24.7
"Iran, Islamic Rep.",IRN,2007,40.3017768859863,21.78506,98.6621398925781,15.9579,5.36992979049683,40.1646881103515,23.1
"Iran, Islamic Rep.",IRN,2008,40.3017768859863,21.33003,98.4401931762695,13.58686,5.36992979049683,40.1646881103515,21.7
"Iran, Islamic Rep.",IRN,2009,24.4299259185791,20.4884,98.4401931762695,12.36298,4.66120004653931,24.2563896179199,20.4
"Iran, Islamic Rep.",IRN,2010,24.4299259185791,20.4884,98.4401931762695,11.85865,5.51022005081177,24.2563896179199,19.3
"Iran, Islamic Rep.",IRN,2011,24.4299259185791,20.4884,100.0,12.31957,4.82334995269775,24.2563896179199,18.3
"Iran, Islamic Rep.",IRN,2012,24.4299259185791,25.65459,100.0,10.45483,4.23035001754761,24.2563896179199,17.5
"Iran, Islamic Rep.",IRN,2013,24.4299259185791,25.65459,100.0,7.73182,2.18342995643616,24.2563896179199,16.8
"Iran, Islamic Rep.",IRN,2014,35.2452850341796,25.91843,100.0,7.74192,3.97034001350403,35.0965843200683,16.1
"Iran, Islamic Rep.",IRN,2015,35.2452850341796,26.77414,100.0,7.55314,3.82705998420715,35.0965843200683,15.5
"Iran, Islamic Rep.",IRN,2016,35.2452850341796,27.32117,100.0,9.52057,3.49585008621216,35.0965843200683,14.9
"Iran, Islamic Rep.",IRN,2017,35.2452850341796,28.52479,100.0,11.11757,2.64989995956421,35.0965843200683,14.4
"Iran, Islamic Rep.",IRN,2018,35.2452850341796,28.52479,100.0,11.11757,2.64989995956421,35.0965843200683,13.9
"Iran, Islamic Rep.",IRN,2019,41.5363006591796,28.52479,100.0,11.11757,1.55243003368378,41.4020462036132,13.4
Jordan,JOR,2019,62.24605178833,18.53699,100.0,13.30793,1.70247676070963,53.3636856079101,14.9
Jordan,JOR,2020,62.24605178833,18.53699,100.0,13.30793,1.58037543801688,53.3636856079101,14.5
Kazakhstan,KAZ,2015,3.11136412620544,16.2004,100.0,0.26455,8.35226595228821,1.90771460533142,11.9
Kazakhstan,KAZ,2016,3.11136412620544,18.5511,100.0,0.26455,8.50838610360703,1.90771460533142,11.0
Kazakhstan,KAZ,2017,3.11136412620544,20.75555,100.0,0.26455,5.79874879982089,1.90771460533142,10.5
Kazakhstan,KAZ,2018,3.11136412620544,19.63913,100.0,0.23507,5.05080159474217,1.90771460533142,10.3
Kazakhstan,KAZ,2019,10.4149551391601,17.21457,100.0,0.23507,3.9672980716246,9.30203819274902,10.2
Kazakhstan,KAZ,2020,10.4149551391601,17.21457,100.0,0.23507,10.8403161290154,9.30203819274902,10.1
Kazakhstan,KAZ,2022,10.4149551391601,34.43698,100.0,21.81294,10.3712054469437,9.30203819274902,9.8
Kazakhstan,KAZ,2023,10.4149551391601,34.43698,100.0,21.81294,5.86329668117656,9.30203819274902,9.6
Kenya,KEN,2022,79.2863388061523,31.66522,97.3793392662563,25.27998,21.89048156229547,74.5,40.5
Kenya,KEN,2023,79.2863388061523,31.66522,100.0,25.27998,21.89048156229547,74.5,39.6
"Korea, Rep.",KOR,2014,2.74705243110656,16.50455,100.0,27.84732,2.94554996490479,0.302192568778991,3.6
"Korea, Rep.",KOR,2015,2.74705243110656,16.55424,100.0,27.84732,0.163190007209778,0.302192568778991,3.5
"Korea, Rep.",KOR,2016,2.74705243110656,16.30703,100.0,27.84732,0.722010016441345,0.302192568778991,3.4
"Korea, Rep.",KOR,2017,2.74705243110656,16.28669,100.0,27.84732,1.88926005363464,0.302192568778991,3.3
"Korea, Rep.",KOR,2018,3.23008060455322,16.28669,100.0,27.84732,1.86303997039795,0.797363638877868,3.2
"Korea, Rep.",KOR,2023,51.1074485778808,13.77575,100.0,17.88519,0.0067199999466538,49.4096641540527,2.9
Kuwait,KWT,2000,51.1074485778808,13.77575,100.0,17.88519,14.9351797103882,49.4096641540527,12.7
Kuwait,KWT,2001,51.1074485778808,13.4826,100.0,17.88519,10.7110204696655,49.4096641540527,12.5
Kuwait,KWT,2002,51.1074485778808,13.59342,100.0,17.39744,5.51201009750366,49.4096641540527,12.3
Kuwait,KWT,2003,51.1074485778808,13.28756,100.0,16.87567,2.60923004150391,49.4096641540527,12.2
Kuwait,KWT,2004,72.7834701538085,12.84563,100.0,14.22543,2.42916989326477,71.83837890625,12.0
Kuwait,KWT,2005,72.7834701538085,12.06221,100.0,10.19451,2.79453992843628,71.83837890625,11.8
Kuwait,KWT,2006,72.7834701538085,10.14275,100.0,8.56655,2.79453992843628,71.83837890625,11.6
Kuwait,KWT,2007,72.7834701538085,9.6101,100.0,8.56655,0.499700009822846,71.83837890625,11.4
Kuwait,KWT,2008,72.7834701538085,9.11151,100.0,10.23347,0.81401002407074,71.83837890625,11.2
Kuwait,KWT,2014,51.0825309753418,8.82856,79.4896889199581,14.37769,2.02669437441599,49.3838806152343,9.3
Kuwait,KWT,2015,51.0825309753418,8.86229,78.9332438778933,14.37769,3.05243059110593,49.3838806152343,9.1
Kuwait,KWT,2016,51.0825309753418,8.85539,78.9332438778933,14.37769,7.46558493279106,49.3838806152343,9.0
Latvia,LVA,2008,4.62551021575927,11.11175,100.0,26.80057,0.0085399998351932,1.78621816635131,8.8
Latvia,LVA,2014,3.67099070549011,11.08754,100.0,27.32363,1.96988999843597,0.803282856941223,5.6
Latvia,LVA,2015,3.67099070549011,11.13249,100.0,26.76693,2.03865003585815,0.803282856941223,5.1
Latvia,LVA,2016,3.67099070549011,11.3295,100.0,24.50426,1.73730003833771,0.803282856941223,4.8
Latvia,LVA,2017,3.67099070549011,11.53684,100.0,24.50426,1.5161999464035,0.803282856941223,4.5
Latvia,LVA,2018,3.67099070549011,11.53684,100.0,24.50426,1.1314400434494,0.803282856941223,4.2
Lesotho,LSO,2016,96.8991394,33.75653,86.525685412183,20.7122,16.1505096069654,96.59999847,71.4
Lesotho,LSO,2017,96.8991394,32.94806,86.525685412183,20.7122,14.8123389776046,96.59999847,70.1
Lesotho,LSO,2018,96.8991394,32.94806,87.5134342940889,20.7122,20.19961306989,96.59999847,68.8
Lithuania,LTU,2011,3.8506109714508,12.41205,95.672248840332,20.44285,0.108520001173019,3.46670794486999,5.6
Lithuania,LTU,2012,3.8506109714508,12.43042,95.8152008056641,19.70147,0.108520001173019,3.46670794486999,5.3
Lithuania,LTU,2013,3.8506109714508,12.61606,95.7301635742188,19.15043,0.108520001173019,3.46670794486999,5.1
Lithuania,LTU,2014,3.12173557281494,12.80832,95.3204574584961,18.47169,0.0652600005269051,2.73492217063903,5.1
Lithuania,LTU,2015,3.12173557281494,12.86014,94.5482711791992,18.59952,0.0531999990344048,2.73492217063903,5.0
Lithuania,LTU,2016,3.12173557281494,13.22845,94.1656723022461,19.49595,0.142179995775223,2.73492217063903,4.8
Lithuania,LTU,2017,3.12173557281494,13.51703,92.7952499389648,19.49595,0.0970399975776672,2.73492217063903,4.5
Lithuania,LTU,2018,3.12173557281494,13.51703,91.3186721801758,19.49595,0.166700005531311,2.73492217063903,4.2
Malaysia,MYS,2017,42.025634765625,11.6556,98.9094948762129,16.13708,7.93755901742578,41.7440452575683,8.2
Malaysia,MYS,2018,42.025634765625,11.6556,98.9094948762129,16.13708,7.81015949057405,41.7440452575683,8.2
Malaysia,MYS,2019,42.025634765625,11.6556,99.2237548565183,16.13708,10.9044195999006,41.7440452575683,8.2
Mali,MLI,2010,90.438362121582,50.39826,53.710982906785816,6.30255,21.89048156229547,85.7399978637695,74.775
Mali,MLI,2011,90.438362121582,48.47335,53.710982906785816,10.59471,21.89048156229547,85.7399978637695,74.775
Mali,MLI,2012,90.438362121582,48.47335,53.710982906785816,10.07795,21.89048156229547,85.7399978637695,74.775
Mali,MLI,2013,90.438362121582,41.29582,53.710982906785816,10.30013,21.89048156229547,85.7399978637695,74.775
Mauritania,MRT,2003,94.7653198242187,41.05778,100.0,8.36929,21.89048156229547,92.9482879638671,74.775
Mauritania,MRT,2004,94.7653198242187,40.76051,100.0,8.36929,21.89048156229547,92.9482879638671,74.775
Mauritania,MRT,2005,94.7653198242187,40.32497,100.0,8.36929,21.89048156229547,92.9482879638671,72.5
Mauritania,MRT,2006,94.7653198242187,41.41219,100.0,8.36929,21.89048156229547,92.9482879638671,68.1
Mauritius,MUS,2004,40.4578781127929,21.98676,100.0,12.41251,1.91969001293182,38.0012168884277,15.7
Mauritius,MUS,2005,40.4578781127929,22.3399,100.0,10.94748,1.73598003387451,38.0012168884277,15.6
Mauritius,MUS,2006,40.4578781127929,21.68399,100.0,9.81908,1.82960999011993,38.0012168884277,15.4
Mauritius,MUS,2007,40.4578781127929,21.50505,100.0,9.81908,2.33944010734558,38.0012168884277,15.2
Mauritius,MUS,2008,40.4578781127929,21.66005,100.0,9.05857,2.33555006980896,38.0012168884277,15.0
Mexico,MEX,2004,46.3049736022949,28.47157,94.5038223266602,13.36951,0.296079993247986,45.8553123474121,23.0
Mexico,MEX,2005,46.3049736022949,28.3176,94.9344329833984,13.65558,0.214560002088547,45.8553123474121,22.1
Mexico,MEX,2006,46.3049736022949,28.00397,95.1533279418945,13.44618,0.189689993858337,45.8553123474121,21.3
Mexico,MEX,2007,46.3049736022949,27.99039,95.3685684204102,13.38607,0.15888999402523,45.8553123474121,20.7
Mexico,MEX,2008,46.3049736022949,28.02416,95.0464935302734,13.52084,0.096160002052784,45.8553123474121,20.0
Mexico,MEX,2011,42.9675979614257,28.11199,96.0000534057617,14.04204,0.207129999995232,42.4899864196777,18.4
Mexico,MEX,2012,42.9675979614257,28.01636,95.9999313354492,13.90573,0.233600005507469,42.4899864196777,17.9
Mexico,MEX,2013,42.9675979614257,27.69096,82.8928070068359,14.2666,0.269670009613037,42.4899864196777,17.5
Mexico,MEX,2014,42.9675979614257,27.40876,83.5270919799805,14.25357,0.314850002527237,42.4899864196777,17.0
Mexico,MEX,2015,42.9675979614257,26.92701,84.404541015625,14.4207,0.316359996795654,42.4899864196777,16.6
Mexico,MEX,2017,47.634178161621,26.55228,86.4588928222656,13.78185,0.333790004253388,47.1956481933593,15.8
Mexico,MEX,2018,47.634178161621,26.55228,87.5402374267578,13.78185,0.255989998579025,47.1956481933593,15.4
Mongolia,MNG,2005,39.4648284912109,34.23344,100.0,11.48349,9.32168006896973,38.0651702880859,40.5
Mongolia,MNG,2006,39.4648284912109,33.01005,100.0,11.48349,5.1486701965332,38.0651702880859,37.0
Mongolia,MNG,2007,39.4648284912109,31.59826,100.0,13.58282,4.33163022994995,38.0651702880859,33.8
Mongolia,MNG,2008,39.4648284912109,31.14934,100.0,13.58282,1.78549003601074,38.0651702880859,31.0
Mongolia,MNG,2009,39.4648284912109,30.36106,100.0,14.9102,0.140359997749329,38.0651702880859,28.5
Morocco,MAR,2003,66.9133377075195,28.17638,100.0,15.88767,12.2828903198242,66.6316757202148,45.8
Morocco,MAR,2004,74.4744873046875,27.55149,100.0,15.96441,12.7745399475098,74.2571868896484,43.6
Morocco,MAR,2005,74.4744873046875,27.09953,100.0,19.46297,12.4429397583008,74.2571868896484,41.4
Morocco,MAR,2006,74.4744873046875,26.95752,100.0,16.66502,11.8320302963257,74.2571868896484,39.2
Morocco,MAR,2007,74.4744873046875,27.38468,100.0,13.88722,11.3597002029419,74.2571868896484,36.9
Morocco,MAR,2008,74.4744873046875,26.53204,100.0,15.66367,11.6580295562744,74.2571868896484,34.8
Morocco,MAR,2009,79.1651077270507,26.6096,100.0,16.69886,12.7129001617432,78.9877395629882,32.8
Morocco,MAR,2010,79.1651077270507,26.23715,100.0,17.88267,8.89751008253184,78.9877395629882,30.9
Morocco,MAR,2011,79.1651077270507,26.41532,100.0,18.03287,7.27160873075193,78.9877395629882,29.2
Morocco,MAR,2012,79.1651077270507,25.83553,100.0,18.9148,7.93019083788596,78.9877395629882,27.5
Morocco,MAR,2013,79.1651077270507,25.98351,100.0,19.49905,6.78384054599872,78.9877395629882,26.0
Morocco,MAR,2014,64.1016845703125,25.66659,100.0,19.49905,7.8231308820608,63.796085357666,24.5
Morocco,MAR,2015,64.1016845703125,25.88159,100.0,19.49905,10.3631187017355,63.796085357666,23.1
Nicaragua,NIC,2004,74.6490936279296,35.01829,74.6161575317383,6.82292,1.06045997142792,73.6804580688476,31.1
Nicaragua,NIC,2005,74.6490936279296,33.55782,76.9449310302734,7.65521,0.952709972858429,73.6804580688476,29.7
Nicaragua,NIC,2006,74.6490936279296,33.2727,73.5665817260742,7.68605,3.02220988273621,73.6804580688476,28.4
Nicaragua,NIC,2007,74.6490936279296,30.55547,72.2457427978516,7.68605,3.78291010856628,73.6804580688476,27.1
Nicaragua,NIC,2008,74.6490936279296,29.19228,72.7441329956055,7.68605,3.21033000946045,73.6804580688476,25.8
Nicaragua,NIC,2011,70.4419784545898,30.21638,74.8618011474609,11.25575,4.45765018463135,69.3125915527343,21.9
Nicaragua,NIC,2012,70.4419784545898,30.21638,74.8618011474609,11.25575,4.45765018463135,69.3125915527343,20.6
Niger,NER,2012,98.6073303222656,38.75524,53.710982906785816,19.50637,21.89048156229547,97.9053802490234,74.775
Niger,NER,2013,98.6073303222656,36.31449,53.710982906785816,22.37595,21.89048156229547,97.9053802490234,74.775
Niger,NER,2014,98.6073303222656,35.75275,53.710982906785816,29.35768875,21.89048156229547,97.9053802490234,74.775
Niger,NER,2015,98.6073303222656,36.6289,55.523595505618,22.53418,21.89048156229547,97.9053802490234,74.775
Niger,NER,2016,98.6073303222656,36.2582,55.6421043862207,16.47221,21.89048156229547,97.9053802490234,74.775
Niger,NER,2017,90.4368209838867,36.33661,55.6421043862207,13.30223,21.89048156229547,85.6166915893554,74.775
Niger,NER,2018,90.4368209838867,36.33661,61.6092787241754,13.30223,21.89048156229547,85.6166915893554,74.775
Niger,NER,2019,90.4368209838867,36.33661,61.6092787241754,13.30223,21.89048156229547,85.6166915893554,74.775
Norway,NOR,2023,4.29407835006713,25.08144,99.6031112670898,11.04585,1.3118599653244,4.18149852752685,2.4
Oman,OMN,2015,43.612922668457,10.12768,100.0,29.35768875,3.5883981753807,40.9373817443847,11.1
Oman,OMN,2016,43.612922668457,10.12768,100.0,29.35768875,4.2137314605638,40.9373817443847,11.0
Oman,OMN,2017,43.612922668457,10.12768,100.0,29.35768875,2.6987757879869,40.9373817443847,11.0
Oman,OMN,2018,43.612922668457,9.67394,100.0,29.35768875,1.35803051126494,40.9373817443847,10.9
Panama,PAN,2004,73.6876068115234,24.03741,74.3373184204102,9.39577,0.12066999822855,69.6798019409179,22.6
Panama,PAN,2005,73.6876068115234,24.23255,89.6456527709961,9.39577,0.502040028572083,69.6798019409179,21.9
Panama,PAN,2006,73.6876068115234,24.5048,91.1334228515625,9.39577,0.060759998857975,69.6798019409179,21.2
Panama,PAN,2007,73.6876068115234,24.53809,90.8100967407227,11.9181,0.096000000834465,69.6798019409179,20.5
Panama,PAN,2008,73.6876068115234,24.23802,91.3417587280273,11.9181,0.529980003833771,69.6798019409179,19.8
Panama,PAN,2011,68.8329925537109,23.0112,91.5166422440862,6.25014,4.10605912934336,64.0857543945312,18.3
Panama,PAN,2012,68.8329925537109,22.60998,90.4033092037229,6.25014,4.93138147559313,64.0857543945312,17.9
Panama,PAN,2013,68.8329925537109,22.34957,90.4033092037229,6.25014,5.88213255404443,64.0857543945312,17.5
Paraguay,PRY,2011,74.7693634033203,24.15974,92.0764397302127,8.63235,1.50367999076843,71.2763671875,24.9
Paraguay,PRY,2012,74.7693634033203,24.15974,92.0764397302127,10.74841,1.48988550220991,71.2763671875,24.2
Paraguay,PRY,2013,74.7693634033203,24.15974,92.0764397302127,10.74841,1.48988550220991,71.2763671875,23.4
Paraguay,PRY,2014,74.7693634033203,24.15974,92.0764397302127,10.74841,1.48988550220991,71.2763671875,22.7
Poland,POL,2022,5.55067777633667,13.23902,100.0,19.60965,0.0187699999660254,2.78983116149902,4.3
Poland,POL,2023,5.55067777633667,13.23902,100.0,19.60965,0.123539999127388,2.78983116149902,4.3
Portugal,PRT,2009,4.63977479934692,11.24954,100.0,21.35387,0.128299996256828,2.40630030632019,3.9
Portugal,PRT,2010,4.63977479934692,10.82935,100.0,21.00495,0.0261300001293421,2.40630030632019,3.8
Portugal,PRT,2011,4.63977479934692,11.10043,100.0,20.76488,0.0093599995598197,2.40630030632019,3.7
Portugal,PRT,2012,4.63977479934692,11.73422,100.0,20.89649,0.244029998779297,2.40630030632019,3.7
Portugal,PRT,2013,4.63977479934692,12.78162,100.0,23.85649,0.227840006351471,2.40630030632019,3.6
Portugal,PRT,2014,5.2127628326416,13.40675,100.0,23.83291,0.75560998916626,2.99270844459533,3.6
Portugal,PRT,2015,5.2127628326416,13.30619,100.0,22.50957,1.94754004478455,2.99270844459533,3.6
Portugal,PRT,2016,5.2127628326416,12.7774,100.0,22.50957,2.49994993209839,2.99270844459533,3.6
Portugal,PRT,2017,5.2127628326416,12.35346,100.0,22.50957,2.46442008018494,2.99270844459533,3.6
Qatar,QAT,2007,67.800682067871,11.11044,53.710982906785816,10.21809,4.03859996795654,67.2086334228515,9.8
Qatar,QAT,2008,67.800682067871,12.50368,53.710982906785816,10.21809,4.03859996795654,67.2086334228515,9.6
Qatar,QAT,2009,41.4077453613281,11.22017,53.710982906785816,10.21809,2.81048011779785,40.3304023742675,9.3
Qatar,QAT,2010,41.4077453613281,12.03187,53.710982906785816,10.21809,3.24981422998328,40.3304023742675,9.1
Qatar,QAT,2011,41.4077453613281,11.27954,53.710982906785816,10.21809,3.77677918277772,40.3304023742675,8.9
Russian Federation,RUS,2022,3.76424741744995,54.02683,96.0232588000073,10.45708,2.63493990898132,1.63791179656982,5.4
Russian Federation,RUS,2023,3.76424741744995,54.02683,96.0232588000073,10.45708,4.93521976470947,1.63791179656982,5.3
Senegal,SEN,2012,73.373176574707,32.69103,64.7217681756805,14.49724,21.89048156229547,65.1757507324218,57.6
Senegal,SEN,2013,73.373176574707,32.24855,72.3790886217501,15.07399,21.89048156229547,65.1757507324218,55.5
Senegal,SEN,2014,73.373176574707,32.23045,69.9682167949147,14.66828,21.89048156229547,65.1757507324218,53.7
Senegal,SEN,2015,73.373176574707,32.09004,68.3398247322298,13.74234,21.89048156229547,65.1757507324218,52.2
Senegal,SEN,2016,73.373176574707,31.74299,68.3398247322298,11.80185,21.89048156229547,65.1757507324218,50.8
Senegal,SEN,2017,68.5682296752929,32.81273,68.3398247322298,11.80185,21.89048156229547,58.8915328979492,49.4
Senegal,SEN,2018,68.5682296752929,36.31817,75.3395171655543,10.90433,21.89048156229547,58.8915328979492,47.9
Senegal,SEN,2019,68.5682296752929,36.31817,75.3395171655543,10.90433,21.89048156229547,58.8915328979492,46.2
Senegal,SEN,2020,68.5682296752929,36.31817,75.0538022785077,10.90433,21.89048156229547,58.8915328979492,44.2
Singapore,SGP,2015,2.7772307395935,15.0593,98.9958052624889,17.51811,0.0103873256314199,2.74726963043212,2.7
Singapore,SGP,2016,2.7772307395935,15.0593,98.9958052624889,17.51811,0.0103873256314199,2.74726963043212,2.6
Singapore,SGP,2017,2.7772307395935,14.69428,98.9980587388064,17.51811,0.0308115794424943,2.74726963043212,2.6
Singapore,SGP,2018,2.7772307395935,14.69428,98.2631643549773,17.51811,0.204341834697759,2.74726963043212,2.5
Singapore,SGP,2019,3.37001085281372,14.69428,97.8362042913267,17.51811,0.101079747085719,3.34023237228393,2.5
Slovak Republic,SVK,2012,20.378074645996,14.94005,95.9000015258789,18.47706,5.72231006622315,4.24718952178955,6.6
Slovak Republic,SVK,2013,20.378074645996,15.04676,95.9000015258789,20.03757,5.8718900680542,4.24718952178955,6.4
Slovak Republic,SVK,2014,22.2964553833007,15.23635,95.9000015258789,19.88464,6.34392023086548,6.55422210693359,6.3
Slovak Republic,SVK,2015,22.2964553833007,15.24933,95.9000015258789,21.6772,6.25650978088379,6.55422210693359,6.2
Slovak Republic,SVK,2016,22.2964553833007,15.2188,95.9000015258789,20.8158,6.69732999801636,6.55422210693359,6.1
Slovak Republic,SVK,2023,22.1248226165771,12.99654,97.5999984741211,25.65302,1.22950005531311,6.34781742095947,6.2
Spain,ESP,2004,8.948091506958,13.93149,100.0,18.5236,0.0745000019669533,6.46239280700683,4.9
Spain,ESP,2005,8.948091506958,13.75078,100.0,18.70023,0.144160002470017,6.46239280700683,4.7
Spain,ESP,2006,8.948091506958,13.58265,100.0,19.01719,0.177520006895065,6.46239280700683,4.5
Spain,ESP,2007,8.948091506958,12.8265,100.0,19.04052,0.093529999256134,6.46239280700683,4.4
Spain,ESP,2008,8.948091506958,12.42388,100.0,20.00129,0.561339974403381,6.46239280700683,4.2
Spain,ESP,2009,8.62266731262207,12.62216,100.0,21.27594,0.881820023059845,6.12808418273925,4.0
Spain,ESP,2010,8.62266731262207,12.40145,100.0,21.0723,1.79373002052307,6.12808418273925,3.8
Spain,ESP,2011,8.62266731262207,12.39876,100.0,20.95462,1.96142995357513,6.12808418273925,3.7
Spain,ESP,2012,8.62266731262207,12.60121,100.0,18.2858,2.28696990013123,6.12808418273925,3.6
Spain,ESP,2013,8.62266731262207,13.31975,100.0,17.62613,2.51059007644653,6.12808418273925,3.5
Spain,ESP,2014,5.99758911132812,13.09629,100.0,17.33387,2.61857008934021,3.43134212493896,3.4
Spain,ESP,2015,5.99758911132812,13.18623,100.0,17.27588,2.70952010154724,3.43134212493896,3.3
Spain,ESP,2016,5.99758911132812,12.99102,100.0,17.11832,2.55954003334045,3.43134212493896,3.3
Spain,ESP,2017,5.99758911132812,13.13172,100.0,17.11832,2.33091998100281,3.43134212493896,3.2
Spain,ESP,2018,5.99758911132812,13.13172,100.0,17.11832,2.00254011154175,3.43134212493896,3.2
Sri Lanka,LKA,2013,14.8060665130615,23.74954,80.2432327270508,4.34115,6.78231000900269,14.0,9.8
Sri Lanka,LKA,2014,14.8060665130615,23.65918,80.2432327270508,6.47661,6.35449981689453,14.0,9.2
Sri Lanka,LKA,2015,14.8060665130615,23.15243,86.2257984714139,7.43956,3.94148993492127,14.0,8.7
Sri Lanka,LKA,2016,14.8060665130615,23.16642,85.0417397220841,14.4145,3.79003000259399,14.0,8.3
Sri Lanka,LKA,2017,14.8060665130615,22.93257,85.4791067701154,11.39277,4.11144018173218,14.0,7.9
Suriname,SUR,2023,2.11383605003356,11.83778,99.7632202052092,21.72499,21.89048156229547,1.54692268371582,16.3
Togo,TGO,2012,85.0435714721679,41.67781,82.1386138613861,14.86801,9.06250703167325,84.2051849365234,74.775
Togo,TGO,2013,85.0435714721679,41.08672,76.0669090909091,12.76128,9.06250703167325,84.2051849365234,74.775
Togo,TGO,2014,85.0435714721679,41.13664,76.0669090909091,14.24541,9.06250703167325,84.2051849365234,74.775
Togo,TGO,2015,85.0435714721679,44.20973,73.3292024431265,16.09805,7.74081270988802,84.2051849365234,74.775
Togo,TGO,2016,85.0435714721679,41.39676,73.3292024431265,16.16121,10.7183198928833,84.2051849365234,72.8
Togo,TGO,2017,81.6579208374023,40.12613,73.3292024431265,16.16121,9.2267726664165,80.6297454833984,70.4
Togo,TGO,2018,81.6579208374023,40.14504,76.7094963816275,16.16121,9.66898199219433,80.6297454833984,68.1
Trinidad and Tobago,TTO,2004,36.4012031555175,17.51665,81.0052337646484,11.18501,6.49439001083374,35.6156005859375,27.3
Trinidad and Tobago,TTO,2005,36.4012031555175,16.54586,81.0052337646484,11.18501,9.59354972839355,35.6156005859375,26.9
Trinidad and Tobago,TTO,2006,36.4012031555175,16.54586,81.0052337646484,8.57427,9.59354972839355,35.6156005859375,26.5
Trinidad and Tobago,TTO,2007,36.4012031555175,15.93954,88.5570907592773,8.57427,2.67412996292114,35.6156005859375,26.1
Trinidad and Tobago,TTO,2008,36.4012031555175,17.15784,86.5888824462891,10.36225,8.19007968902588,35.6156005859375,25.7
Trinidad and Tobago,TTO,2009,22.9533672332763,17.57943,87.9951705932617,15.09929,7.1805100440979,22.0016498565673,25.3
Trinidad and Tobago,TTO,2010,22.9533672332763,17.57943,87.9951705932617,15.09929,5.63147020339966,22.0016498565673,24.8
Trinidad and Tobago,TTO,2011,22.9533672332763,17.57943,87.9951705932617,15.09929,5.63147020339966,22.0016498565673,24.4
Tunisia,TUN,2010,65.532859802246,17.11543,100.0,17.43237,3.31820011138916,65.1229400634765,18.7
Uganda,UGA,2015,81.9233627319335,42.9168,79.5857925415039,5.61796,4.11656999588013,81.099998474121,57.9
Ukraine,UKR,2009,27.8803100585937,15.58278,99.8555603027344,28.1313,8.14208030700684,18.2969799041748,12.3
United Arab Emirates,ARE,2022,25.9162464141845,18.66476,100.0,12.72822,0.0034098408005504,24.9732494354248,5.3
United Arab Emirates,ARE,2023,25.9162464141845,18.66476,100.0,12.72822,0.176064095760476,24.9732494354248,5.0
United States,USA,2012,6.81459426879882,14.53749,100.0,20.5226,2.8980700969696,2.48264122009277,7.0
United States,USA,2013,6.81459426879882,14.53749,100.0,19.71867,2.8980700969696,2.48264122009277,6.9
United States,USA,2014,8.17464733123779,14.53749,100.0,19.7888,2.8980700969696,3.90592002868652,6.8
United States,USA,2015,8.17464733123779,14.45723,100.0,19.76064,1.80586004257202,3.90592002868652,6.8
United States,USA,2016,8.17464733123779,14.45723,100.0,19.85908,0.35997000336647,3.90592002868652,6.7
United States,USA,2017,8.17464733123779,14.19857,100.0,19.85908,0.424380004405975,3.90592002868652,6.6
United States,USA,2018,8.17464733123779,14.19857,100.0,19.85908,0.574209988117218,3.90592002868652,6.5
United States,USA,2022,9.69157028198242,20.75667,100.0,7.25549,3.98220992088318,5.49336051940918,6.5
United States,USA,2023,9.69157028198242,20.75667,100.0,7.25549,3.98220992088318,5.49336051940918,6.5
Uruguay,URY,2011,41.6404380798339,13.79403,100.0,12.03765,1.15498271598503,41.4299201965332,10.4
Uruguay,URY,2012,41.6404380798339,13.79403,100.0,12.03765,1.4100657612108,41.4299201965332,10.0
Uruguay,URY,2013,41.6404380798339,11.9642,100.0,12.03765,0.392364650963138,41.4299201965332,9.7
Uruguay,URY,2014,41.6404380798339,11.46753,100.0,12.39083,0.392364650963138,41.4299201965332,9.3
Uruguay,URY,2015,41.6404380798339,11.76053,100.0,12.39083,0.587117882100662,41.4299201965332,8.9
Uruguay,URY,2017,43.618366241455,11.0193,100.0,12.64033,0.251381459603338,43.414981842041,8.0
Uruguay,URY,2018,43.618366241455,11.0193,100.0,12.64033,0.49428211999129,43.414981842041,7.7
Uruguay,URY,2019,43.618366241455,11.0193,100.0,12.64033,0.52449767467906,43.414981842041,7.5
Uzbekistan,UZB,2022,32.3652610778808,22.54994,100.0,13.2647,4.10981300842443,30.1617736816406,14.1
Uzbekistan,UZB,2023,32.3652610778808,22.54994,100.0,13.2647,4.80832625880641,30.1617736816406,13.7
